Customer ID,Total_Spent,Frequency,Avg_per_Transaction,Unique_Categories,Total_Items,Cluster,Segment
1,47091754,95,495702.6736842105,3,5068,1,Low Value
2,56723859,109,520402.376146789,3,5385,0,High Value
3,49087359,101,486013.45544554456,3,4985,1,Low Value
4,51894173,110,471765.2090909091,3,5930,0,High Value
5,53705292,112,479511.53571428574,3,5964,0,High Value
6,53735482,113,475535.2389380531,3,5536,0,High Value
7,45708714,92,496833.847826087,3,4961,1,Low Value
8,47246513,96,492151.1770833333,3,4688,1,Low Value
9,38058987,77,494272.55844155845,3,3623,1,Low Value
10,48988269,99,494831.0,3,5020,1,Low Value
11,51423493,101,509143.49504950497,3,5311,2,Mid Value
12,48009001,100,480090.01,3,5142,1,Low Value
13,57823289,111,520930.53153153154,3,5749,0,High Value
14,44401973,94,472361.41489361704,3,4868,1,Low Value
15,51878956,99,524029.8585858586,3,4709,2,Mid Value
16,50540120,99,510506.2626262626,3,4548,2,Mid Value
17,54982561,106,518703.40566037735,3,5453,0,High Value
18,56800498,115,493917.37391304347,3,6243,0,High Value
19,49605224,99,501062.8686868687,3,5624,2,Mid Value
20,59406312,109,545012.0366972478,3,5456,0,High Value
21,46002243,93,494647.77419354836,3,4263,1,Low Value
22,42014086,93,451764.36559139786,3,5255,1,Low Value
23,55925625,109,513079.128440367,3,5761,0,High Value
24,43533843,96,453477.53125,3,4381,1,Low Value
25,49059366,97,505766.6597938144,3,4997,2,Mid Value
26,43750571,89,491579.44943820225,3,4558,1,Low Value
27,63637860,121,525932.7272727273,3,5954,0,High Value
28,57509923,107,537475.9158878505,3,5860,0,High Value
29,48594765,96,506195.46875,3,4620,2,Mid Value
30,50735695,102,497408.7745098039,3,5219,2,Mid Value
31,55884404,113,494552.2477876106,3,5652,0,High Value
32,62613177,122,513222.762295082,3,6206,0,High Value
33,53485038,101,529554.8316831683,3,4623,2,Mid Value
34,58314163,120,485951.35833333334,3,5946,0,High Value
35,50759985,102,497646.9117647059,3,4592,2,Mid Value
36,48796950,103,473756.7961165049,3,5175,1,Low Value
37,49565426,96,516306.5208333333,3,5063,2,Mid Value
38,47652969,100,476529.69,3,4965,1,Low Value
39,51697091,101,511852.38613861386,3,4838,2,Mid Value
40,50081194,100,500811.94,3,4554,2,Mid Value
41,52562065,107,491234.2523364486,3,5600,0,High Value
42,50335040,99,508434.7474747475,3,5252,2,Mid Value
43,44486149,87,511335.0459770115,3,4209,1,Low Value
44,54971643,104,528573.4903846154,3,5285,0,High Value
45,48532261,99,490224.8585858586,3,4652,1,Low Value
46,57353207,108,531048.2129629629,3,5413,0,High Value
47,57307083,114,502693.7105263158,3,5709,0,High Value
48,47432950,94,504605.8510638298,3,4945,1,Low Value
49,47775733,103,463842.06796116504,3,5475,1,Low Value
50,46906350,85,551839.4117647059,3,4314,2,Mid Value
51,51403996,103,499067.92233009706,3,5724,0,High Value
52,49333096,85,580389.3647058824,3,4329,2,Mid Value
53,47855564,94,509101.74468085106,3,5173,2,Mid Value
54,40406066,80,505075.825,3,3841,1,Low Value
55,51353060,98,524010.8163265306,3,5582,2,Mid Value
56,62085641,116,535221.0431034482,3,6130,0,High Value
57,53571181,103,520108.5533980582,3,4609,0,High Value
58,52177504,114,457697.4035087719,3,5901,0,High Value
59,43074960,84,512797.14285714284,3,4125,1,Low Value
60,59534708,111,536348.7207207207,3,5334,0,High Value
61,50251635,105,478587.0,3,5358,1,Low Value
62,46956399,95,494277.8842105263,3,4953,1,Low Value
63,50506158,104,485636.1346153846,3,5048,0,High Value
64,48674895,108,450693.47222222225,3,5363,1,Low Value
65,42946368,78,550594.4615384615,3,3905,2,Mid Value
66,53422374,107,499274.523364486,3,4851,0,High Value
67,49450899,101,489612.8613861386,3,5292,1,Low Value
68,51449012,99,519686.9898989899,3,4981,2,Mid Value
69,54079321,102,530189.4215686275,3,5349,2,Mid Value
70,46652516,103,452937.0485436893,3,4592,1,Low Value
71,45672208,92,496437.04347826086,3,4792,1,Low Value
72,43678020,87,502046.2068965517,3,4272,1,Low Value
73,54018985,109,495587.0183486239,3,5653,0,High Value
74,64395248,119,541136.537815126,3,6040,0,High Value
75,54592182,107,510207.30841121497,3,5345,0,High Value
76,51716452,101,512044.0792079208,3,5288,2,Mid Value
77,58297081,117,498265.64957264956,3,5267,0,High Value
78,53899731,108,499071.5833333333,3,5786,0,High Value
79,51861306,94,551716.0212765958,3,5107,2,Mid Value
80,45350223,99,458083.0606060606,3,5156,1,Low Value
81,52257346,109,479425.19266055047,3,5171,0,High Value
82,40608629,93,436651.9247311828,3,4763,1,Low Value
83,51061221,103,495740.00970873784,3,4899,0,High Value
84,63141894,106,595678.2452830189,3,5241,0,High Value
85,57589176,114,505168.2105263158,3,5842,0,High Value
86,61182996,116,527439.6206896552,3,6239,0,High Value
87,56685949,103,550349.0194174757,3,4876,2,Mid Value
88,61812034,112,551893.1607142857,3,5748,0,High Value
89,54509146,110,495537.6909090909,3,5816,0,High Value
90,46735839,89,525121.786516854,3,4838,2,Mid Value
91,37876994,78,485602.4871794872,3,4111,1,Low Value
92,50377036,96,524760.7916666666,3,4236,2,Mid Value
93,60939257,111,549002.3153153153,3,4871,0,High Value
94,41977106,79,531355.7721518987,3,3950,2,Mid Value
95,41869114,82,510598.9512195122,3,4047,1,Low Value
96,57441184,110,522192.58181818185,3,5360,0,High Value
97,47573132,96,495553.4583333333,3,5542,1,Low Value
98,51328667,98,523761.9081632653,3,4761,2,Mid Value
99,42003338,88,477310.6590909091,3,4230,1,Low Value
100,48894532,91,537302.5494505494,3,4519,2,Mid Value
101,52416008,94,557617.1063829787,3,4900,2,Mid Value
102,46210169,90,513446.3222222222,3,4272,2,Mid Value
103,65274305,115,567602.6521739131,3,5183,0,High Value
104,49100337,99,495963.0,3,5235,1,Low Value
105,50535384,106,476748.90566037735,3,5165,0,High Value
106,50030165,103,485729.7572815534,3,4924,1,Low Value
107,49769851,95,523893.16842105263,3,4568,2,Mid Value
108,60457443,120,503812.025,3,5318,0,High Value
109,48912495,102,479534.26470588235,3,5191,1,Low Value
110,53012958,101,524880.7722772277,3,4729,2,Mid Value
111,53761065,105,512010.14285714284,3,5145,0,High Value
112,48471539,93,521199.34408602153,3,4644,2,Mid Value
113,52459775,102,514311.51960784313,3,5200,2,Mid Value
114,57250609,107,535052.4205607476,3,5742,0,High Value
115,53069379,101,525439.396039604,3,4635,2,Mid Value
116,51075955,95,537641.6315789474,3,4757,2,Mid Value
117,58239235,113,515391.4601769911,3,5876,0,High Value
118,49166303,102,482022.57843137253,3,5594,1,Low Value
119,52022900,97,536318.5567010309,3,5224,2,Mid Value
120,45483293,96,473784.3020833333,3,5120,1,Low Value
121,46213813,95,486461.18947368424,3,4848,1,Low Value
122,53484971,102,524362.4607843137,3,4837,2,Mid Value
123,60996849,122,499974.1721311475,3,5681,0,High Value
124,58903573,114,516698.00877192983,3,5787,0,High Value
125,57026906,115,495886.1391304348,3,5703,0,High Value
126,43890391,90,487671.0111111111,3,4510,1,Low Value
127,55438748,114,486304.8070175439,3,5965,0,High Value
128,54037999,102,529784.3039215687,3,5047,2,Mid Value
129,55705779,106,525526.216981132,3,5804,0,High Value
130,47757484,98,487321.2653061224,3,4855,1,Low Value
131,60849060,117,520077.4358974359,3,5331,0,High Value
132,55544400,109,509581.65137614676,3,5629,0,High Value
133,53760647,108,497783.76851851854,3,5357,0,High Value
134,46958571,92,510419.25,3,4583,2,Mid Value
135,43992787,90,488808.7444444444,3,4800,1,Low Value
136,39492792,83,475816.7710843373,3,4306,1,Low Value
137,51100321,106,482078.5,3,5143,0,High Value
138,47478097,90,527534.411111111,3,4895,2,Mid Value
139,46230277,93,497099.75268817204,3,5507,1,Low Value
140,61032333,113,540109.1415929204,3,5214,0,High Value
141,54729387,106,516314.9716981132,3,5554,0,High Value
142,43665085,100,436650.85,3,4830,1,Low Value
143,60288315,113,533524.9115044248,3,5873,0,High Value
144,48364167,91,531474.3626373627,3,4319,2,Mid Value
145,61245745,124,493917.2983870968,3,6295,0,High Value
146,55123694,115,479336.4695652174,3,6076,0,High Value
147,55150719,106,520289.80188679247,3,5673,0,High Value
148,45231179,101,447833.45544554456,3,4390,1,Low Value
149,50073956,103,486154.9126213592,3,5712,1,Low Value
150,53007681,104,509689.2403846154,3,4720,0,High Value
151,54153829,112,483516.33035714284,3,5680,0,High Value
152,48697499,101,482153.45544554456,3,5163,1,Low Value
153,45718713,95,481249.6105263158,3,4550,1,Low Value
154,46616401,92,506700.01086956525,3,4536,1,Low Value
155,49611555,112,442960.3125,3,5990,1,Low Value
156,42036480,92,456918.26086956525,3,4908,1,Low Value
157,61478102,112,548911.625,3,6035,0,High Value
158,49615583,105,472529.3619047619,3,5083,1,Low Value
159,57560460,114,504916.3157894737,3,5744,0,High Value
160,58549274,112,522761.375,3,5787,0,High Value
161,59450415,114,521494.86842105264,3,5851,0,High Value
162,50968322,102,499689.43137254904,3,4987,2,Mid Value
163,54078329,104,519983.9326923077,3,5354,0,High Value
164,51992368,94,553110.2978723404,3,4396,2,Mid Value
165,50964561,101,504599.61386138614,3,4923,2,Mid Value
166,52768927,111,475395.73873873876,3,5569,0,High Value
167,45979791,92,499780.3369565217,3,4067,1,Low Value
168,57499826,105,547617.3904761905,3,4791,0,High Value
169,51961950,111,468125.6756756757,3,5215,0,High Value
170,50103516,95,527405.4315789473,3,4976,2,Mid Value
171,60464510,113,535084.1592920354,3,5530,0,High Value
172,53292182,111,480109.74774774775,3,4861,0,High Value
173,43295111,88,491989.8977272727,3,4840,1,Low Value
174,51365891,110,466962.64545454545,3,5544,0,High Value
175,51376348,99,518953.0101010101,3,5546,2,Mid Value
176,66082706,115,574632.2260869566,3,5584,0,High Value
177,48902842,93,525837.0107526882,3,4963,2,Mid Value
178,44280773,97,456502.8144329897,3,5001,1,Low Value
179,51820485,105,493528.4285714286,3,5031,0,High Value
180,49586144,95,521959.4105263158,3,4467,2,Mid Value
181,48105871,99,485917.8888888889,3,4948,1,Low Value
182,38824215,76,510844.9342105263,3,3916,1,Low Value
183,49665969,101,491742.2673267327,3,6063,1,Low Value
184,45535672,94,484422.0425531915,3,5002,1,Low Value
185,40209797,86,467555.77906976745,3,4656,1,Low Value
186,36592305,82,446247.6219512195,3,4539,1,Low Value
187,56568204,107,528674.8037383178,3,5505,0,High Value
188,45246128,87,520070.4367816092,3,4489,2,Mid Value
189,50215642,100,502156.42,3,4851,2,Mid Value
190,41631481,81,513968.9012345679,3,4255,1,Low Value
191,48284574,95,508258.6736842105,3,4666,2,Mid Value
192,45641994,91,501560.37362637365,3,4782,1,Low Value
193,53175816,98,542610.3673469388,3,4800,2,Mid Value
194,52171799,110,474289.08181818185,3,6268,0,High Value
195,50749788,98,517854.97959183675,3,4778,2,Mid Value
196,45289506,98,462137.8163265306,3,4684,1,Low Value
197,55275246,109,507112.34862385324,3,6363,0,High Value
198,55454723,108,513469.6574074074,3,5744,0,High Value
199,55155890,97,568617.4226804124,3,4866,2,Mid Value
200,48075988,105,457866.5523809524,3,5557,1,Low Value
201,56754077,112,506732.83035714284,3,5502,0,High Value
202,46108487,94,490515.8191489362,3,5200,1,Low Value
203,57430397,107,536732.6822429907,3,4932,0,High Value
204,43773508,100,437735.08,3,5107,1,Low Value
205,49046133,102,480844.4411764706,3,4194,1,Low Value
206,55076642,115,478927.3217391304,3,5691,0,High Value
207,44588801,89,500997.76404494385,3,4442,1,Low Value
208,42756637,95,450069.86315789475,3,4635,1,Low Value
209,43593246,96,454096.3125,3,4648,1,Low Value
210,49006415,91,538532.032967033,3,4604,2,Mid Value
211,50340053,101,498416.3663366337,3,5010,2,Mid Value
212,46119290,85,542579.8823529412,3,4470,2,Mid Value
213,47401700,96,493767.7083333333,3,4757,1,Low Value
214,52088333,102,510669.93137254904,3,4792,2,Mid Value
215,40596771,80,507459.6375,3,4161,1,Low Value
216,48912908,91,537504.4835164836,3,4387,2,Mid Value
217,56528309,109,518608.3394495413,3,5736,0,High Value
218,47087974,88,535090.6136363636,3,4898,2,Mid Value
219,47304488,96,492755.0833333333,3,4988,1,Low Value
220,50854055,103,493728.68932038837,3,4791,0,High Value
221,52636187,107,491926.9813084112,3,5526,0,High Value
222,44917423,97,463066.21649484534,3,4964,1,Low Value
223,45406358,90,504515.0888888889,3,4573,1,Low Value
224,53467508,109,490527.59633027524,3,5093,0,High Value
225,45163754,88,513224.4772727273,3,4567,1,Low Value
226,48830620,92,530767.6086956522,3,4587,2,Mid Value
227,45582494,91,500906.52747252746,3,4245,1,Low Value
228,40688407,84,484385.79761904763,3,4516,1,Low Value
229,47257459,98,482218.9693877551,3,4839,1,Low Value
230,37937086,79,480216.2784810127,3,3800,1,Low Value
231,52211220,98,532767.5510204082,3,5076,2,Mid Value
232,44771042,93,481409.05376344087,3,4540,1,Low Value
233,50684306,112,452538.4464285714,3,5787,0,High Value
234,42390429,82,516956.4512195122,3,4178,1,Low Value
235,57269619,102,561466.8529411765,3,4849,2,Mid Value
236,42441405,98,433075.5612244898,3,4657,1,Low Value
237,43624830,89,490166.62921348313,3,4440,1,Low Value
238,49080128,98,500817.63265306124,3,4935,2,Mid Value
239,39699490,91,436258.13186813187,3,4787,1,Low Value
240,52884597,102,518476.4411764706,3,4866,2,Mid Value
241,55393924,109,508201.1376146789,3,5432,0,High Value
242,53043608,97,546841.3195876288,3,5235,2,Mid Value
243,56564945,119,475335.67226890754,3,6181,0,High Value
244,63043684,119,529778.8571428572,3,6468,0,High Value
245,53920354,106,508682.58490566036,3,5367,0,High Value
246,45201949,100,452019.49,3,4991,1,Low Value
247,45299267,92,492383.3369565217,3,4670,1,Low Value
248,51257758,103,497648.1359223301,3,5981,0,High Value
249,54572772,104,524738.1923076923,3,4981,0,High Value
250,53140918,104,510970.3653846154,3,5044,0,High Value
251,45703339,101,452508.30693069304,3,4530,1,Low Value
252,42328058,90,470311.7555555556,3,4454,1,Low Value
253,43127100,80,539088.75,3,4345,2,Mid Value
254,46024478,94,489622.10638297873,3,4328,1,Low Value
255,62407734,119,524434.7394957984,3,6661,0,High Value
256,45335157,91,498188.53846153844,3,4438,1,Low Value
257,52859240,98,539380.0,3,4645,2,Mid Value
258,45335097,83,546205.9879518072,3,4160,2,Mid Value
259,60189599,119,505794.9495798319,3,5894,0,High Value
260,53742815,104,516757.83653846156,3,5395,0,High Value
261,57333132,108,530862.3333333334,3,5114,0,High Value
262,44026277,84,524122.34523809527,3,3822,2,Mid Value
263,51835507,104,498418.33653846156,3,5372,0,High Value
264,54523867,99,550746.1313131313,3,4267,2,Mid Value
265,51506120,105,490534.4761904762,3,5658,0,High Value
266,58996597,109,541253.1834862386,3,5547,0,High Value
267,53904282,104,518310.4038461539,3,5128,0,High Value
268,50142671,95,527817.5894736842,3,4859,2,Mid Value
269,43670186,92,474675.9347826087,3,5083,1,Low Value
270,45145808,102,442605.96078431373,3,5239,1,Low Value
271,40875076,90,454167.5111111111,3,4593,1,Low Value
272,51319933,102,503136.59803921566,3,5146,2,Mid Value
273,43026498,90,478072.2,3,4840,1,Low Value
274,46628185,96,485710.2604166667,3,3914,1,Low Value
275,40398422,76,531558.1842105263,3,4029,1,Low Value
276,44398012,91,487890.2417582418,3,4251,1,Low Value
277,48845836,109,448126.93577981653,3,5700,1,Low Value
278,64907171,125,519257.368,3,5647,0,High Value
279,54308210,119,456371.512605042,3,5808,0,High Value
280,38051846,80,475648.075,3,4146,1,Low Value
281,51219464,104,492494.8461538461,3,5735,0,High Value
282,51460976,101,509514.61386138614,3,5296,2,Mid Value
283,52860239,94,562342.9680851063,3,4415,2,Mid Value
284,53313525,110,484668.4090909091,3,5076,0,High Value
285,42194258,83,508364.5542168675,3,4160,1,Low Value
286,44448553,91,488445.6373626374,3,4638,1,Low Value
287,46949637,95,494206.7052631579,3,4846,1,Low Value
288,55116605,115,479274.82608695654,3,5469,0,High Value
289,51509477,110,468267.9727272727,3,5301,0,High Value
290,49954578,99,504591.69696969696,3,4866,2,Mid Value
291,46135007,97,475618.6288659794,3,4881,1,Low Value
292,44587685,89,500985.2247191011,3,4380,1,Low Value
293,45608759,83,549503.1204819278,3,3890,2,Mid Value
294,54269641,107,507192.90654205607,3,5427,0,High Value
295,42335381,94,450376.39361702127,3,4586,1,Low Value
296,53398662,102,523516.29411764705,3,5419,2,Mid Value
297,50875054,104,489183.21153846156,3,5698,0,High Value
298,45308066,106,427434.58490566036,3,5452,1,Low Value
299,46425656,89,521636.5842696629,3,4222,2,Mid Value
300,54401353,108,503716.23148148146,3,5470,0,High Value
301,58888426,106,555551.1886792453,3,5046,0,High Value
302,39820247,79,504053.7594936709,3,4241,1,Low Value
303,50400734,92,547834.0652173914,3,4260,2,Mid Value
304,50524118,103,490525.41747572814,3,4788,0,High Value
305,52884295,102,518473.48039215687,3,5983,2,Mid Value
306,51043050,100,510430.5,3,5503,2,Mid Value
307,57375902,111,516900.01801801805,3,5771,0,High Value
308,61499078,116,530164.4655172414,3,5794,0,High Value
309,42964181,88,488229.32954545453,3,4794,1,Low Value
310,53880546,115,468526.48695652175,3,5870,0,High Value
311,54583730,117,466527.6068376068,3,5863,0,High Value
312,46251495,94,492037.1808510638,3,4852,1,Low Value
313,51606642,110,469151.2909090909,3,5731,0,High Value
314,44947201,98,458644.9081632653,3,4663,1,Low Value
315,48078141,98,490593.2755102041,3,5131,1,Low Value
316,46219880,85,543763.2941176471,3,4530,2,Mid Value
317,49667835,96,517373.28125,3,4528,2,Mid Value
318,51974998,98,530357.1224489796,3,5374,2,Mid Value
319,43883195,86,510269.70930232556,3,4289,1,Low Value
320,39726999,85,467376.4588235294,3,4648,1,Low Value
321,42231986,87,485425.1264367816,3,4166,1,Low Value
322,50821790,98,518589.693877551,3,5056,2,Mid Value
323,47770323,99,482528.51515151514,3,5538,1,Low Value
324,51876007,101,513623.8316831683,3,4917,2,Mid Value
325,43085568,98,439648.6530612245,3,4466,1,Low Value
326,42626228,90,473624.7555555556,3,4354,1,Low Value
327,36764415,75,490192.2,3,3736,1,Low Value
328,46213946,90,513488.2888888889,3,4597,2,Mid Value
329,48925314,98,499237.89795918367,3,5115,2,Mid Value
330,56713523,115,493161.0695652174,3,5735,0,High Value
331,47376661,96,493506.8854166667,3,4854,1,Low Value
332,54670928,98,557866.612244898,3,5267,2,Mid Value
333,46038257,95,484613.2315789474,3,5057,1,Low Value
334,53314848,105,507760.45714285714,3,5877,0,High Value
335,48011980,99,484969.49494949495,3,4646,1,Low Value
336,45663712,89,513075.4157303371,3,3889,2,Mid Value
337,44184413,77,573823.5454545454,3,3517,2,Mid Value
338,55138057,107,515308.9439252336,3,5479,0,High Value
339,51846400,108,480059.25925925927,3,5408,0,High Value
340,55023713,105,524035.3619047619,3,5061,0,High Value
341,47623442,94,506632.3617021277,3,4811,2,Mid Value
342,43890267,96,457190.28125,3,4975,1,Low Value
343,61414107,121,507554.6033057851,3,6243,0,High Value
344,59695266,122,489305.45901639346,3,5726,0,High Value
345,39365286,74,531963.3243243244,3,3871,1,Low Value
346,41031222,81,506558.2962962963,3,4133,1,Low Value
347,46880048,87,538851.1264367816,3,4021,2,Mid Value
348,55238141,105,526077.5333333333,3,5374,0,High Value
349,47542413,99,480226.3939393939,3,5151,1,Low Value
350,47674482,93,512628.8387096774,3,4870,2,Mid Value
351,44604904,92,484835.9130434783,3,4611,1,Low Value
352,50559139,99,510698.37373737374,3,5071,2,Mid Value
353,45948063,92,499435.4673913043,3,4605,1,Low Value
354,49420691,98,504292.7653061224,3,5099,2,Mid Value
355,50159550,92,545212.5,3,4791,2,Mid Value
356,52414805,103,508881.6019417476,3,5156,0,High Value
357,41858504,77,543616.935064935,3,4248,2,Mid Value
358,53906101,108,499130.56481481483,3,5229,0,High Value
359,51417293,108,476086.0462962963,3,5335,0,High Value
360,58930554,109,540647.2844036698,3,5770,0,High Value
361,52550346,100,525503.46,3,4887,2,Mid Value
362,42958289,87,493773.4367816092,3,4307,1,Low Value
363,54325298,98,554339.775510204,3,4544,2,Mid Value
364,50428644,101,499293.50495049503,3,4962,2,Mid Value
365,53786813,105,512255.3619047619,3,4832,0,High Value
366,48603320,101,481220.9900990099,3,5113,1,Low Value
367,48489757,99,489795.5252525252,3,5216,1,Low Value
368,44376729,87,510077.3448275862,3,4324,1,Low Value
369,53447980,104,513922.8846153846,3,5005,0,High Value
370,51499053,104,495183.20192307694,3,5354,0,High Value
371,44765438,100,447654.38,3,5219,1,Low Value
372,57703636,111,519852.57657657657,3,5711,0,High Value
373,52728556,107,492790.2429906542,3,5149,0,High Value
374,55038823,116,474472.6120689655,3,5801,0,High Value
375,45182292,93,485831.0967741936,3,4299,1,Low Value
376,52824031,109,484624.1376146789,3,5851,0,High Value
377,59641164,107,557394.0560747663,3,5386,0,High Value
378,52545453,112,469155.83035714284,3,5853,0,High Value
379,51817048,100,518170.48,3,4647,2,Mid Value
380,45289099,95,476727.35789473687,3,5137,1,Low Value
381,48993591,93,526812.8064516129,3,4721,2,Mid Value
382,45757371,87,525946.7931034482,3,4507,2,Mid Value
383,53877944,104,518057.1538461539,3,4999,0,High Value
384,50837292,98,518747.8775510204,3,4929,2,Mid Value
385,46992707,93,505297.9247311828,3,4629,1,Low Value
386,60062860,117,513357.77777777775,3,6172,0,High Value
387,56722685,115,493240.73913043475,3,5306,0,High Value
388,54362368,97,560436.7835051547,3,4940,2,Mid Value
389,49358745,98,503660.6632653061,3,4830,2,Mid Value
390,44297312,81,546880.3950617284,3,4324,2,Mid Value
391,51719554,96,538745.3541666666,3,5117,2,Mid Value
392,48401794,101,479225.68316831684,3,4921,1,Low Value
393,49553918,98,505652.2244897959,3,4731,2,Mid Value
394,53847869,104,517767.9711538461,3,5357,0,High Value
395,53985729,111,486357.91891891893,3,5290,0,High Value
396,51886278,111,467443.9459459459,3,6191,0,High Value
397,51625568,104,496399.6923076923,3,5679,0,High Value
398,47075631,97,485315.78350515466,3,5005,1,Low Value
399,46684254,100,466842.54,3,4771,1,Low Value
400,43615607,93,468985.0215053763,3,4423,1,Low Value
401,46674011,93,501871.08602150535,3,4991,1,Low Value
402,52781108,100,527811.08,3,4719,2,Mid Value
403,51305306,106,484012.320754717,3,5088,0,High Value
404,49466939,99,499666.0505050505,3,4819,2,Mid Value
405,48850988,97,503618.43298969074,3,5456,2,Mid Value
406,49951910,96,520332.3958333333,3,4969,2,Mid Value
407,55547655,103,539297.6213592233,3,5237,0,High Value
408,51937555,99,524621.7676767677,3,5194,2,Mid Value
409,51325030,100,513250.3,3,4958,2,Mid Value
410,52165802,104,501594.25,3,5216,0,High Value
411,51852405,106,489173.6320754717,3,5736,0,High Value
412,42977177,90,477524.18888888886,3,4662,1,Low Value
413,48734186,96,507647.7708333333,3,5222,2,Mid Value
414,58668359,114,514634.72807017545,3,5966,0,High Value
415,49423441,93,531434.8494623656,3,4664,2,Mid Value
416,53078560,100,530785.6,3,5215,2,Mid Value
417,68165365,126,540994.9603174604,3,6205,0,High Value
418,58165548,104,559284.1153846154,3,4680,0,High Value
419,54393698,105,518035.21904761903,3,4959,0,High Value
420,45985786,93,494470.81720430107,3,5323,1,Low Value
421,50443577,103,489743.46601941745,3,5064,1,Low Value
422,50979992,99,514949.41414141416,3,4714,2,Mid Value
423,43476111,87,499725.4137931034,3,4607,1,Low Value
424,44288133,90,492090.36666666664,3,4556,1,Low Value
425,57290348,105,545622.3619047619,3,5773,0,High Value
426,45569603,95,479680.0315789474,3,4636,1,Low Value
427,50424182,100,504241.82,3,5096,2,Mid Value
428,46326759,105,441207.22857142857,3,5651,1,Low Value
429,42664022,86,496093.27906976745,3,4123,1,Low Value
430,49810021,93,535591.623655914,3,4336,2,Mid Value
431,47682834,99,481644.7878787879,3,5302,1,Low Value
432,54157541,110,492341.2818181818,3,5990,0,High Value
433,51688107,96,538417.78125,3,4683,2,Mid Value
434,49554807,94,527178.7978723404,3,4539,2,Mid Value
435,44789964,90,497666.26666666666,3,5007,1,Low Value
436,50425185,96,525262.34375,3,4633,2,Mid Value
437,40452065,80,505650.8125,3,3913,1,Low Value
438,43351781,84,516092.63095238095,3,4583,1,Low Value
439,61679042,112,550705.7321428572,3,6240,0,High Value
440,56678239,114,497177.5350877193,3,5130,0,High Value
441,62677350,122,513748.7704918033,3,5887,0,High Value
442,47993689,101,475185.0396039604,3,5510,1,Low Value
443,50817768,98,518548.6530612245,3,4911,2,Mid Value
444,38822027,90,431355.85555555555,3,4439,1,Low Value
445,51299579,95,539995.5684210527,3,4356,2,Mid Value
446,49253076,97,507763.6701030928,3,4762,2,Mid Value
447,39571898,89,444628.06741573033,3,4271,1,Low Value
448,53454229,101,529249.792079208,3,4990,2,Mid Value
449,48676452,100,486764.52,3,5049,1,Low Value
450,57415746,108,531627.2777777778,3,5380,0,High Value
451,46538155,91,511408.2967032967,3,4373,2,Mid Value
452,50970551,106,480854.25471698114,3,5825,0,High Value
453,49968015,103,485126.359223301,3,5011,1,Low Value
454,49187048,100,491870.48,3,5620,1,Low Value
455,53676106,103,521127.2427184466,3,5146,0,High Value
456,56768870,107,530550.1869158879,3,5783,0,High Value
457,48176018,88,547454.75,3,4694,2,Mid Value
458,48072920,99,485585.0505050505,3,5215,1,Low Value
459,42877504,83,516596.4337349398,3,4029,1,Low Value
460,59643273,114,523186.6052631579,3,5308,0,High Value
461,56058247,105,533888.0666666667,3,5150,0,High Value
462,50900190,107,475702.7102803738,3,5395,0,High Value
463,51777397,105,493118.06666666665,3,5214,0,High Value
464,45956459,88,522232.48863636365,3,4179,2,Mid Value
465,47990923,97,494751.78350515466,3,4663,1,Low Value
466,52147499,102,511249.99019607843,3,5650,2,Mid Value
467,47507948,101,470375.72277227725,3,4861,1,Low Value
468,45429388,86,528248.6976744186,3,4281,2,Mid Value
469,61721816,110,561107.4181818182,3,6238,0,High Value
470,48919897,89,549661.7640449438,3,4691,2,Mid Value
471,48362328,95,509077.13684210525,3,4838,2,Mid Value
472,45729364,91,502520.4835164835,3,4116,1,Low Value
473,43946204,82,535929.3170731707,3,3672,2,Mid Value
474,56913915,118,482321.31355932204,3,5840,0,High Value
475,47303081,92,514163.92391304346,3,4551,2,Mid Value
476,54376053,100,543760.53,3,4835,2,Mid Value
477,49964442,102,489847.4705882353,3,5120,1,Low Value
478,55542872,107,519092.26168224297,3,5942,0,High Value
479,45012996,85,529564.6588235294,3,4290,2,Mid Value
480,50143135,103,486826.5533980582,3,5295,1,Low Value
481,54860937,105,522485.1142857143,3,4891,0,High Value
482,45050803,96,469279.1979166667,3,5222,1,Low Value
483,55396462,119,465516.487394958,3,6375,0,High Value
484,52200568,99,527278.4646464647,3,5613,2,Mid Value
485,54548257,105,519507.20952380955,3,5517,0,High Value
486,43942552,94,467473.9574468085,3,4420,1,Low Value
487,56531460,112,504745.1785714286,3,6053,0,High Value
488,48003653,102,470624.04901960783,3,4822,1,Low Value
489,46782726,94,497688.57446808513,3,4609,1,Low Value
490,58800568,115,511309.28695652174,3,5957,0,High Value
491,56307718,110,511888.34545454546,3,5959,0,High Value
492,49257507,96,513099.03125,3,4718,2,Mid Value
493,55857589,95,587974.6210526315,3,4577,2,Mid Value
494,36794880,79,465757.9746835443,3,4410,1,Low Value
495,58918914,114,516832.5789473684,3,5779,0,High Value
496,44848823,90,498320.2555555556,3,4050,1,Low Value
497,58023148,110,527483.1636363637,3,5353,0,High Value
498,50986238,99,515012.50505050505,3,4774,2,Mid Value
499,56545491,106,533448.0283018867,3,5222,0,High Value
500,47402610,96,493777.1875,3,5066,1,Low Value
501,41695278,82,508479.0,3,4243,1,Low Value
502,57121232,107,533843.2897196262,3,5741,0,High Value
503,62187348,120,518227.9,3,5624,0,High Value
504,43716347,92,475177.6847826087,3,4407,1,Low Value
505,58370094,113,516549.50442477874,3,5418,0,High Value
506,46700575,99,471722.9797979798,3,5466,1,Low Value
507,48412233,104,465502.2403846154,3,5224,1,Low Value
508,48491785,95,510439.84210526315,3,4779,2,Mid Value
509,53061235,99,535972.0707070708,3,4652,2,Mid Value
510,50608410,103,491343.786407767,3,4713,0,High Value
511,53283550,102,522387.7450980392,3,5295,2,Mid Value
512,38936646,75,519155.28,3,3815,1,Low Value
513,47637937,97,491112.75257731957,3,5544,1,Low Value
514,47274830,94,502923.72340425535,3,5102,1,Low Value
515,56452655,117,482501.3247863248,3,5547,0,High Value
516,43962779,91,483107.46153846156,3,4400,1,Low Value
517,46099681,94,490422.1382978723,3,4928,1,Low Value
518,57682534,113,510464.90265486727,3,4868,0,High Value
519,52695235,100,526952.35,3,5226,2,Mid Value
520,42833456,93,460574.79569892475,3,5004,1,Low Value
521,49140316,99,496366.82828282827,3,4978,1,Low Value
522,47478429,92,516069.8804347826,3,4331,2,Mid Value
523,37590320,71,529441.1267605633,3,3132,1,Low Value
524,51887334,105,494165.0857142857,3,5399,0,High Value
525,55301703,104,531747.1442307692,3,5105,0,High Value
526,49473580,98,504832.44897959183,3,4893,2,Mid Value
527,51237672,101,507303.68316831684,3,5508,2,Mid Value
528,47376724,92,514964.39130434784,3,4771,2,Mid Value
529,44019973,93,473333.0430107527,3,4700,1,Low Value
530,62884220,120,524035.1666666667,3,6532,0,High Value
531,59443260,109,545351.0091743119,3,6308,0,High Value
532,43665101,87,501897.7126436782,3,4746,1,Low Value
533,43414412,85,510757.7882352941,3,4020,1,Low Value
534,48947754,105,466169.0857142857,3,5585,1,Low Value
535,53361657,104,513092.85576923075,3,4785,0,High Value
536,48373827,95,509198.1789473684,3,4087,2,Mid Value
537,49187820,100,491878.2,3,4925,1,Low Value
538,44049027,101,436128.9801980198,3,5454,1,Low Value
539,55047396,99,556034.303030303,3,4745,2,Mid Value
540,40224472,81,496598.4197530864,3,3972,1,Low Value
541,50718083,97,522866.8350515464,3,4953,2,Mid Value
542,46345431,91,509290.4505494505,3,4668,1,Low Value
543,46100735,99,465663.9898989899,3,5300,1,Low Value
544,50290696,88,571485.1818181818,3,4434,2,Mid Value
545,43401900,88,493203.4090909091,3,4275,1,Low Value
546,49565405,95,521741.1052631579,3,4859,2,Mid Value
547,53165933,100,531659.33,3,4833,2,Mid Value
548,49723855,96,517956.8229166667,3,4963,2,Mid Value
549,60439245,107,564852.7570093458,3,5735,0,High Value
550,60190110,111,542253.2432432432,3,5347,0,High Value
551,43741745,85,514608.76470588235,3,3797,1,Low Value
552,60929933,116,525258.0431034482,3,5497,0,High Value
553,55954156,108,518094.037037037,3,5550,0,High Value
554,43815038,86,509477.18604651163,3,4935,1,Low Value
555,63635452,108,589217.1481481482,3,5461,0,High Value
556,51709320,101,511973.4653465347,3,4971,2,Mid Value
557,46163310,93,496379.67741935485,3,4919,1,Low Value
558,63273015,114,555026.447368421,3,5422,0,High Value
559,54991157,110,499919.60909090907,3,5550,0,High Value
560,51061878,105,486303.6,3,6127,0,High Value
561,50211161,92,545773.4891304348,3,4452,2,Mid Value
562,58326753,113,516165.9557522124,3,5583,0,High Value
563,44805017,93,481774.376344086,3,5007,1,Low Value
564,50365553,92,547451.6630434783,3,4327,2,Mid Value
565,45718471,89,513690.6853932584,3,4300,2,Mid Value
566,45764227,92,497437.25,3,4666,1,Low Value
567,58177177,106,548841.2924528302,3,5329,0,High Value
568,50354193,95,530044.1368421053,3,4806,2,Mid Value
569,53324602,103,517714.58252427186,3,5811,0,High Value
570,43002990,95,452663.05263157893,3,4910,1,Low Value
571,47105688,100,471056.88,3,4964,1,Low Value
572,55861489,109,512490.7247706422,3,5066,0,High Value
573,52719467,93,566875.9892473118,3,5038,2,Mid Value
574,61113392,114,536082.3859649122,3,6203,0,High Value
575,40459520,87,465051.9540229885,3,3744,1,Low Value
576,52494225,100,524942.25,3,4487,2,Mid Value
577,47035988,97,484907.09278350516,3,4843,1,Low Value
578,53500046,102,524510.2549019608,3,5090,2,Mid Value
579,56651197,104,544723.0480769231,3,4967,0,High Value
580,55167951,97,568741.7628865979,3,5062,2,Mid Value
581,44931621,85,528607.305882353,3,4427,2,Mid Value
582,49170052,105,468286.20952380955,3,5507,1,Low Value
583,46552207,96,484918.8229166667,3,4713,1,Low Value
584,57852103,117,494462.4188034188,3,6098,0,High Value
585,44294260,93,476282.36559139786,3,4044,1,Low Value
586,44462017,97,458371.3092783505,3,5188,1,Low Value
587,54614136,113,483310.93805309734,3,6073,0,High Value
588,49238802,95,518303.1789473684,3,4431,2,Mid Value
589,51446921,103,499484.66990291263,3,5143,0,High Value
590,46220181,88,525229.3295454546,3,4888,2,Mid Value
591,49260511,92,535440.3369565217,3,4735,2,Mid Value
592,57474878,113,508627.2389380531,3,5372,0,High Value
593,57221163,107,534777.2242990654,3,5915,0,High Value
594,58787978,107,549420.355140187,3,5766,0,High Value
595,53307589,107,498201.7663551402,3,5695,0,High Value
596,60104677,119,505081.3193277311,3,5874,0,High Value
597,47002375,102,460807.59803921566,3,4862,1,Low Value
598,47817772,97,492966.72164948453,3,4760,1,Low Value
599,49010350,98,500105.612244898,3,4572,2,Mid Value
600,48611488,100,486114.88,3,5390,1,Low Value
601,53086475,95,558805.0,3,4542,2,Mid Value
602,46399405,91,509883.5714285714,3,4226,2,Mid Value
603,51178960,102,501754.50980392157,3,5130,2,Mid Value
604,50654141,105,482420.3904761905,3,5220,0,High Value
605,48773022,97,502814.6597938144,3,5422,2,Mid Value
606,51956384,97,535632.8247422681,3,4716,2,Mid Value
607,54172147,111,488037.36036036036,3,4999,0,High Value
608,59430252,112,530627.25,3,5228,0,High Value
609,55721788,112,497515.96428571426,3,6205,0,High Value
610,50585390,94,538142.4468085107,3,4104,2,Mid Value
611,52012006,107,486093.5140186916,3,5565,0,High Value
612,53575871,98,546692.5612244898,3,5315,2,Mid Value
613,55243624,104,531188.6923076923,3,5636,0,High Value
614,47934886,97,494174.08247422683,3,5056,1,Low Value
615,44739239,89,502688.0786516854,3,3924,1,Low Value
616,55729270,114,488853.2456140351,3,6099,0,High Value
617,35793862,75,477251.49333333335,3,3979,1,Low Value
618,44190056,86,513837.8604651163,3,4491,1,Low Value
619,47284076,91,519605.23076923075,3,4637,2,Mid Value
620,59805598,115,520048.6782608696,3,5652,0,High Value
621,52874460,100,528744.6,3,4958,2,Mid Value
622,38650883,90,429454.2555555556,3,4632,1,Low Value
623,60699489,113,537163.6194690266,3,5878,0,High Value
624,47443369,99,479225.9494949495,3,5382,1,Low Value
625,38003480,83,457873.2530120482,3,4197,1,Low Value
626,51366718,98,524150.1836734694,3,4945,2,Mid Value
627,45830480,89,514949.21348314604,3,4496,2,Mid Value
628,56132482,107,524602.6355140187,3,5734,0,High Value
629,57755218,118,489451.0,3,6323,0,High Value
630,52511367,113,464702.3628318584,3,5745,0,High Value
631,44035428,81,543647.2592592592,3,4054,2,Mid Value
632,51731768,104,497420.8461538461,3,5143,0,High Value
633,50150749,102,491674.00980392157,3,5171,1,Low Value
634,45238860,84,538557.8571428572,3,4379,2,Mid Value
635,54213676,99,547612.8888888889,3,4634,2,Mid Value
636,48942249,93,526260.7419354839,3,4651,2,Mid Value
637,56284133,112,502536.90178571426,3,5800,0,High Value
638,41461040,88,471148.1818181818,3,4878,1,Low Value
639,51435391,104,494571.0673076923,3,5485,0,High Value
640,53739670,105,511806.38095238095,3,5437,0,High Value
641,47141023,94,501500.24468085106,3,4518,1,Low Value
642,50677750,102,496840.6862745098,3,5076,2,Mid Value
643,54976671,100,549766.71,3,4871,2,Mid Value
644,48348802,99,488371.7373737374,3,5219,1,Low Value
645,47605576,98,485771.1836734694,3,4963,1,Low Value
646,41555525,90,461728.05555555556,3,5037,1,Low Value
647,51650245,99,521719.64646464644,3,4971,2,Mid Value
648,52829449,107,493733.1682242991,3,5543,0,High Value
649,55001576,105,523824.5333333333,3,5294,0,High Value
650,46095370,83,555365.9036144578,3,4441,2,Mid Value
651,46333162,101,458744.17821782175,3,5583,1,Low Value
652,51100072,106,482076.1509433962,3,5513,0,High Value
653,47553970,93,511333.01075268816,3,4608,2,Mid Value
654,48087153,101,476110.42574257427,3,4915,1,Low Value
655,47243424,88,536857.0909090909,3,4781,2,Mid Value
656,51395241,104,494185.0096153846,3,5189,0,High Value
657,35106288,81,433410.962962963,3,4005,1,Low Value
658,48954229,98,499532.94897959183,3,5377,2,Mid Value
659,44462805,84,529319.1071428572,3,4064,2,Mid Value
660,50741104,101,502387.1683168317,3,5343,2,Mid Value
661,48736924,99,492292.16161616164,3,4807,1,Low Value
662,51303376,97,528900.7835051547,3,4828,2,Mid Value
663,55961750,102,548644.6078431372,3,4926,2,Mid Value
664,48999503,96,510411.4895833333,3,5110,2,Mid Value
665,51889618,106,489524.69811320753,3,5341,0,High Value
666,57117376,109,524012.623853211,3,5742,0,High Value
667,45499329,89,511228.4157303371,3,4464,1,Low Value
668,54839679,100,548396.79,3,4607,2,Mid Value
669,49680342,94,528514.2765957447,3,5000,2,Mid Value
670,57747760,112,515605.0,3,6006,0,High Value
671,41067290,94,436886.06382978725,3,5021,1,Low Value
672,56406980,109,517495.2293577982,3,5415,0,High Value
673,47289543,97,487521.0618556701,3,4638,1,Low Value
674,56090723,110,509915.66363636364,3,5393,0,High Value
675,50666953,97,522339.72164948453,3,4654,2,Mid Value
676,54070392,101,535350.4158415842,3,5700,2,Mid Value
677,58017616,121,479484.4297520661,3,5673,0,High Value
678,57437382,106,541862.0943396227,3,5009,0,High Value
679,49226619,103,477928.33980582526,3,5606,1,Low Value
680,62704214,118,531391.6440677966,3,6080,0,High Value
681,52076056,99,526020.7676767677,3,5171,2,Mid Value
682,58008727,113,513351.5663716814,3,5936,0,High Value
683,65781585,124,530496.6532258064,3,5932,0,High Value
684,60783837,115,528555.1043478261,3,6054,0,High Value
685,41796035,93,449419.7311827957,3,4619,1,Low Value
686,41504011,85,488282.4823529412,3,4035,1,Low Value
687,52688458,94,560515.5106382979,3,4684,2,Mid Value
688,52245892,100,522458.92,3,4600,2,Mid Value
689,49621513,101,491302.1089108911,3,5065,1,Low Value
690,46593988,94,495680.72340425535,3,4968,1,Low Value
691,52757826,112,471052.01785714284,3,5450,0,High Value
692,47585994,92,517239.0652173913,3,4538,2,Mid Value
693,51074337,98,521166.70408163266,3,5492,2,Mid Value
694,52399008,106,494330.2641509434,3,5529,0,High Value
695,53447147,119,449135.6890756303,3,6650,0,High Value
696,49938075,97,514825.5154639175,3,4944,2,Mid Value
697,63237902,118,535914.4237288135,3,6273,0,High Value
698,46773743,93,502943.4731182796,3,4597,1,Low Value
699,43380359,95,456635.35789473687,3,4385,1,Low Value
700,48529746,96,505518.1875,3,4553,2,Mid Value
701,52536037,108,486444.787037037,3,5798,0,High Value
702,46823426,92,508950.2826086957,3,5120,2,Mid Value
703,52605860,107,491643.55140186916,3,6131,0,High Value
704,59638740,117,509732.8205128205,3,5986,0,High Value
705,49300627,101,488125.0198019802,3,5127,1,Low Value
706,48809504,104,469322.1538461539,3,5298,1,Low Value
707,51492469,109,472407.97247706424,3,5406,0,High Value
708,49716524,98,507311.4693877551,3,4987,2,Mid Value
709,52540864,105,500389.18095238094,3,5295,0,High Value
710,50296554,99,508046.0,3,5197,2,Mid Value
711,55065363,114,483029.5,3,4964,0,High Value
712,48690423,104,468177.14423076925,3,5642,1,Low Value
713,46774662,96,487236.0625,3,5077,1,Low Value
714,44184474,88,502096.29545454547,3,4799,1,Low Value
715,41139334,92,447166.67391304346,3,4597,1,Low Value
716,53322583,103,517694.98058252427,3,5186,0,High Value
717,44101997,88,501159.0568181818,3,4544,1,Low Value
718,56053231,102,549541.4803921569,3,5558,2,Mid Value
719,57214795,107,534717.7102803738,3,5473,0,High Value
720,53058624,101,525332.9108910891,3,4968,2,Mid Value
721,55036114,101,544912.0198019802,3,5245,2,Mid Value
722,52394740,111,472024.6846846847,3,5365,0,High Value
723,54164390,103,525867.8640776699,3,5171,0,High Value
724,49654483,96,517234.1979166667,3,4707,2,Mid Value
725,58322423,110,530203.8454545455,3,5379,0,High Value
726,43030886,85,506245.71764705883,3,4261,1,Low Value
727,52030170,95,547686.0,3,4934,2,Mid Value
728,44924596,87,516374.6666666667,3,4713,2,Mid Value
729,51111664,99,516279.43434343435,3,4885,2,Mid Value
730,36818937,79,466062.4936708861,3,4116,1,Low Value
731,55626182,99,561880.6262626263,3,4166,2,Mid Value
732,44518823,89,500211.4943820225,3,4189,1,Low Value
733,54717279,112,488547.1339285714,3,5862,0,High Value
734,46988601,97,484418.56701030926,3,4800,1,Low Value
735,51487876,99,520079.55555555556,3,4623,2,Mid Value
736,42158401,83,507932.5421686747,3,4205,1,Low Value
737,41298879,88,469305.4431818182,3,4746,1,Low Value
738,50354437,96,524525.3854166666,3,5289,2,Mid Value
739,43743022,90,486033.5777777778,3,4765,1,Low Value
740,37332775,73,511407.87671232875,3,3773,1,Low Value
741,54219571,100,542195.71,3,5038,2,Mid Value
742,52193972,95,549410.2315789474,3,4976,2,Mid Value
743,53703503,98,547994.9285714285,3,4757,2,Mid Value
744,54053595,113,478350.39823008847,3,5450,0,High Value
745,59910086,116,516466.2586206897,3,5833,0,High Value
746,54000062,109,495413.4128440367,3,5347,0,High Value
747,58524992,112,522544.5714285714,3,5870,0,High Value
748,51795904,101,512830.7326732673,3,5124,2,Mid Value
749,49613669,95,522249.1473684211,3,4834,2,Mid Value
750,54682444,95,575604.6736842105,3,4992,2,Mid Value
751,46397956,92,504325.60869565216,3,4462,1,Low Value
752,40118130,80,501476.625,3,4131,1,Low Value
753,48185325,98,491686.98979591834,3,4897,1,Low Value
754,65675590,119,551895.7142857143,3,5752,0,High Value
755,42014169,82,512367.9146341463,3,4329,1,Low Value
756,49398789,91,542843.8351648352,3,4411,2,Mid Value
757,52163170,110,474210.63636363635,3,5638,0,High Value
758,55233599,108,511422.212962963,3,5135,0,High Value
759,44637055,86,519035.5232558139,3,3909,2,Mid Value
760,48442683,96,504611.28125,3,4860,2,Mid Value
761,44594727,90,495496.9666666667,3,4944,1,Low Value
762,59113809,116,509601.8017241379,3,5753,0,High Value
763,47564054,92,517000.5869565217,3,4591,2,Mid Value
764,48369461,90,537438.4555555555,3,4397,2,Mid Value
765,55863036,108,517250.3333333333,3,5825,0,High Value
766,54932448,110,499385.89090909093,3,4945,0,High Value
767,54954069,108,508833.97222222225,3,5275,0,High Value
768,47550393,93,511294.5483870968,3,4960,2,Mid Value
769,51362355,104,493868.79807692306,3,5166,0,High Value
770,65650526,116,565952.8103448276,3,6577,0,High Value
771,53983227,104,519069.4903846154,3,5616,0,High Value
772,41483427,80,518542.8375,3,3409,1,Low Value
773,48400424,91,531872.7912087912,3,4378,2,Mid Value
774,49458005,94,526148.9893617021,3,4571,2,Mid Value
775,43518723,95,458091.8210526316,3,5023,1,Low Value
776,47143117,99,476193.10101010103,3,4651,1,Low Value
777,54501303,107,509357.97196261684,3,5058,0,High Value
778,38104522,73,521979.7534246575,3,3772,1,Low Value
779,50825027,102,498284.57843137253,3,5584,2,Mid Value
780,54029830,103,524561.4563106796,3,5316,0,High Value
781,50306780,105,479112.1904761905,3,5286,1,Low Value
782,49691279,101,491992.8613861386,3,5583,1,Low Value
783,63620814,123,517242.39024390245,3,6574,0,High Value
784,53674278,106,506361.11320754717,3,4888,0,High Value
785,58854317,109,539947.8623853211,3,5671,0,High Value
786,55414503,101,548658.4455445545,3,5149,2,Mid Value
787,53649629,106,506128.57547169813,3,5448,0,High Value
788,49108986,96,511551.9375,3,5279,2,Mid Value
789,46084676,94,490262.5106382979,3,4700,1,Low Value
790,41517075,83,500205.7228915663,3,3912,1,Low Value
791,56810306,110,516457.32727272727,3,5504,0,High Value
792,49120351,95,517056.3263157895,3,4572,2,Mid Value
793,52326501,98,533943.887755102,3,4787,2,Mid Value
794,56673934,106,534659.7547169811,3,5813,0,High Value
795,51749720,95,544733.8947368421,3,4502,2,Mid Value
796,60322323,112,538592.1696428572,3,5344,0,High Value
797,56591201,110,514465.4636363636,3,5866,0,High Value
798,56301437,121,465301.13223140495,3,6576,0,High Value
799,47089399,95,495677.8842105263,3,4895,1,Low Value
800,52923277,112,472529.2589285714,3,5617,0,High Value
801,58246730,112,520060.08928571426,3,5649,0,High Value
802,46081257,100,460812.57,3,4587,1,Low Value
803,36402236,82,443929.7073170732,3,4279,1,Low Value
804,46648018,93,501591.59139784944,3,4778,1,Low Value
805,53807036,104,517375.3461538461,3,4878,0,High Value
806,56384616,110,512587.41818181815,3,5799,0,High Value
807,44075181,92,479078.0543478261,3,4805,1,Low Value
808,45013196,89,505766.2471910112,3,4449,1,Low Value
809,53822490,109,493784.31192660553,3,5750,0,High Value
810,58500155,117,500001.3247863248,3,6393,0,High Value
811,56314027,115,489687.1913043478,3,5861,0,High Value
812,49379105,84,587846.4880952381,3,4336,2,Mid Value
813,47787752,101,473146.0594059406,3,5302,1,Low Value
814,56991756,102,558742.7058823529,3,4926,2,Mid Value
815,47348799,110,430443.62727272726,3,6091,1,Low Value
816,56006305,116,482812.974137931,3,5705,0,High Value
817,51595368,97,531911.0103092784,3,4729,2,Mid Value
818,57933439,105,551747.0380952382,3,5264,0,High Value
819,51009897,100,510098.97,3,5117,2,Mid Value
820,52467019,99,529969.8888888889,3,4807,2,Mid Value
821,39059165,93,419991.0215053763,3,4760,1,Low Value
822,47475117,92,516033.8804347826,3,4190,2,Mid Value
823,48087501,92,522690.22826086957,3,4474,2,Mid Value
824,40568178,89,455822.2247191011,3,4161,1,Low Value
825,56776698,108,525710.1666666666,3,5589,0,High Value
826,48100369,94,511706.05319148937,3,4835,2,Mid Value
827,46547547,92,505951.597826087,3,3981,1,Low Value
828,55686719,101,551353.6534653465,3,5157,2,Mid Value
829,52197273,98,532625.2346938775,3,4737,2,Mid Value
830,43084519,92,468309.98913043475,3,5047,1,Low Value
831,44736804,91,491613.23076923075,3,4105,1,Low Value
832,51379300,109,471369.7247706422,3,5625,0,High Value
833,54494560,104,523986.1538461539,3,5433,0,High Value
834,48043887,92,522216.1630434783,3,4441,2,Mid Value
835,53356658,100,533566.58,3,4725,2,Mid Value
836,55862723,109,512502.04587155965,3,5266,0,High Value
837,48879206,108,452585.24074074073,3,5344,1,Low Value
838,51137414,97,527189.8350515463,3,4645,2,Mid Value
839,44590441,96,464483.7604166667,3,5432,1,Low Value
840,52552757,97,541781.0,3,5057,2,Mid Value
841,43267144,94,460288.7659574468,3,4686,1,Low Value
842,40981217,88,465695.6477272727,3,4523,1,Low Value
843,50772787,98,518089.6632653061,3,4926,2,Mid Value
844,48704163,97,502104.7731958763,3,5359,2,Mid Value
845,51733847,97,533338.6288659794,3,5106,2,Mid Value
846,51136937,99,516534.71717171714,3,5528,2,Mid Value
847,51319425,97,529066.2371134021,3,4640,2,Mid Value
848,38774840,76,510195.2631578947,3,3332,1,Low Value
849,45873205,102,449737.3039215686,3,4931,1,Low Value
850,41414163,88,470615.48863636365,3,4127,1,Low Value
851,49236457,99,497337.9494949495,3,4650,1,Low Value
852,54735236,108,506807.74074074073,3,5137,0,High Value
853,54406668,104,523141.03846153844,3,5751,0,High Value
854,57206943,109,524834.3394495413,3,5043,0,High Value
855,51665639,99,521875.1414141414,3,4778,2,Mid Value
856,58723311,112,524315.2767857143,3,6049,0,High Value
857,48333625,91,531138.7362637363,3,4652,2,Mid Value
858,53827929,104,517576.2403846154,3,5060,0,High Value
859,60978482,109,559435.6146788991,3,5851,0,High Value
860,55487405,112,495423.2589285714,3,6050,0,High Value
861,50067974,90,556310.8222222222,3,4644,2,Mid Value
862,52577807,109,482365.2018348624,3,5645,0,High Value
863,38557562,76,507336.34210526315,3,3962,1,Low Value
864,45760663,97,471759.41237113404,3,4812,1,Low Value
865,55440712,109,508630.38532110094,3,4991,0,High Value
866,63573267,118,538756.5,3,5821,0,High Value
867,56632633,105,539358.4095238096,3,5109,0,High Value
868,47720577,100,477205.77,3,5257,1,Low Value
869,54886339,107,512956.43925233645,3,5419,0,High Value
870,42415980,82,517268.0487804878,3,4523,1,Low Value
871,56063983,111,505080.9279279279,3,5539,0,High Value
872,37546185,71,528819.5070422535,3,3268,1,Low Value
873,44473777,92,483410.6195652174,3,4333,1,Low Value
874,52651877,104,506268.04807692306,3,4817,0,High Value
875,45374581,94,482708.3085106383,3,4796,1,Low Value
876,53047049,105,505209.99047619046,3,5272,0,High Value
877,53850940,108,498619.81481481483,3,5243,0,High Value
878,44662270,93,480239.4623655914,3,4131,1,Low Value
879,54297415,110,493612.86363636365,3,5224,0,High Value
880,52747325,115,458672.39130434784,3,6270,0,High Value
881,44693323,99,451447.70707070705,3,4765,1,Low Value
882,47983593,97,494676.21649484534,3,5001,1,Low Value
883,54733346,118,463841.9152542373,3,6037,0,High Value
884,44940910,91,493856.1538461539,3,4961,1,Low Value
885,44058040,94,468702.55319148937,3,4915,1,Low Value
886,64139325,115,557733.2608695652,3,5598,0,High Value
887,53652579,106,506156.40566037735,3,5340,0,High Value
888,48333470,94,514185.8510638298,3,4911,2,Mid Value
889,55461912,102,543744.2352941176,3,4941,2,Mid Value
890,54436083,112,486036.45535714284,3,5631,0,High Value
891,46875120,99,473486.0606060606,3,4472,1,Low Value
892,46583618,93,500899.1182795699,3,4574,1,Low Value
893,56271915,109,516256.1009174312,3,5143,0,High Value
894,44052566,94,468644.3191489362,3,4691,1,Low Value
895,48879648,94,519996.25531914894,3,4493,2,Mid Value
896,56020408,119,470759.731092437,3,5672,0,High Value
897,55280677,106,521515.820754717,3,5693,0,High Value
898,50033574,97,515810.0412371134,3,4845,2,Mid Value
899,57522786,113,509051.203539823,3,5000,0,High Value
900,53175090,98,542602.9591836735,3,5299,2,Mid Value
901,45752005,90,508355.6111111111,3,4783,1,Low Value
902,53745112,107,502290.7663551402,3,5172,0,High Value
903,42982096,92,467196.6956521739,3,4173,1,Low Value
904,50347581,96,524453.96875,3,4850,2,Mid Value
905,50247758,101,497502.55445544556,3,5455,2,Mid Value
906,49854999,102,488774.5,3,5268,1,Low Value
907,53238725,102,521948.2843137255,3,5337,2,Mid Value
908,50201923,100,502019.23,3,5197,2,Mid Value
909,58016115,107,542206.6822429907,3,5071,0,High Value
910,55724325,113,493135.61946902657,3,6100,0,High Value
911,56372790,106,531818.7735849057,3,5557,0,High Value
912,43138624,87,495846.2528735632,3,4440,1,Low Value
913,45168639,106,426119.2358490566,3,5145,1,Low Value
914,43467919,86,505440.9186046512,3,4223,1,Low Value
915,57980114,108,536852.9074074074,3,5617,0,High Value
916,54803551,102,537289.7156862745,3,4820,2,Mid Value
917,37383514,77,485500.1818181818,3,3886,1,Low Value
918,56516337,108,523299.4166666667,3,5599,0,High Value
919,49457848,100,494578.48,3,5328,1,Low Value
920,52586613,109,482445.99082568806,3,5923,0,High Value
921,52148899,94,554775.5212765958,3,4960,2,Mid Value
922,54665882,105,520627.4476190476,3,4575,0,High Value
923,51531323,93,554100.247311828,3,4839,2,Mid Value
924,53927372,97,555952.2886597938,3,4610,2,Mid Value
925,47796505,98,487719.4387755102,3,4887,1,Low Value
926,57694455,105,549471.0,3,5556,0,High Value
927,47553217,98,485236.9081632653,3,4983,1,Low Value
928,53057400,106,500541.5094339623,3,5426,0,High Value
929,54495662,103,529084.0970873786,3,5665,0,High Value
930,45731402,91,502542.8791208791,3,4756,1,Low Value
931,42806143,90,475623.81111111114,3,4391,1,Low Value
932,52924070,102,518863.43137254904,3,5471,2,Mid Value
933,56090127,105,534191.6857142857,3,5738,0,High Value
934,46726834,91,513481.6923076923,3,4544,2,Mid Value
935,38660794,88,439327.20454545453,3,4465,1,Low Value
936,50858820,101,503552.6732673267,3,4928,2,Mid Value
937,53278542,106,502627.75471698114,3,5106,0,High Value
938,41335473,92,449298.6195652174,3,4612,1,Low Value
939,47405811,96,493810.53125,3,5578,1,Low Value
940,54164209,103,525866.1067961165,3,5207,0,High Value
941,53302419,98,543902.2346938775,3,4637,2,Mid Value
942,54202655,106,511345.80188679247,3,5655,0,High Value
943,57719713,113,510793.9203539823,3,5957,0,High Value
944,40758190,83,491062.5301204819,3,4194,1,Low Value
945,50653564,99,511652.16161616164,3,5822,2,Mid Value
946,44279856,93,476127.48387096776,3,4509,1,Low Value
947,56184297,109,515452.2660550459,3,5548,0,High Value
948,55908546,109,512922.44036697247,3,5627,0,High Value
949,50817245,99,513305.50505050505,3,5318,2,Mid Value
950,46394204,101,459348.55445544556,3,5290,1,Low Value
951,54072336,116,466140.8275862069,3,6323,0,High Value
952,43966235,95,462802.4736842105,3,4526,1,Low Value
953,56579396,109,519077.02752293576,3,5469,0,High Value
954,49871991,92,542086.8586956522,3,4855,2,Mid Value
955,51723573,91,568390.9120879121,3,4744,2,Mid Value
956,56642640,104,544640.7692307692,3,5210,0,High Value
957,65060960,125,520487.68,3,6200,0,High Value
958,44810731,96,466778.4479166667,3,4870,1,Low Value
959,57456252,108,532002.3333333334,3,5113,0,High Value
960,52345647,101,518273.7326732673,3,4816,2,Mid Value
961,54401340,107,508423.73831775703,3,5515,0,High Value
962,59691391,119,501608.32773109246,3,5649,0,High Value
963,55370489,104,532408.5480769231,3,5181,0,High Value
964,48463734,99,489532.6666666667,3,4458,1,Low Value
965,53991919,109,495338.70642201835,3,5609,0,High Value
966,48749965,92,529890.9239130435,3,5211,2,Mid Value
967,43522640,95,458133.05263157893,3,5004,1,Low Value
968,63973736,121,528708.561983471,3,5292,0,High Value
969,55100660,109,505510.6422018349,3,5648,0,High Value
970,41554858,94,442072.9574468085,3,4918,1,Low Value
971,61944997,109,568302.7247706422,3,5198,0,High Value
972,47579494,85,559758.7529411765,3,4197,2,Mid Value
973,58917315,121,486919.95867768594,3,6074,0,High Value
974,60675991,113,536955.6725663717,3,5568,0,High Value
975,48578304,89,545823.6404494382,3,4327,2,Mid Value
976,49572315,99,500730.45454545453,3,5022,2,Mid Value
977,47734487,90,530383.1888888889,3,4327,2,Mid Value
978,46136686,92,501485.7173913043,3,3638,1,Low Value
979,47396880,94,504222.12765957444,3,5138,1,Low Value
980,41631920,92,452520.8695652174,3,4581,1,Low Value
981,55614876,108,514952.55555555556,3,5264,0,High Value
982,46585208,94,495587.3191489362,3,4804,1,Low Value
983,45428719,94,483284.24468085106,3,4605,1,Low Value
984,48366670,87,555938.735632184,3,4179,2,Mid Value
985,47447702,90,527196.6888888889,3,4561,2,Mid Value
986,48033875,84,571831.8452380953,3,4246,2,Mid Value
987,48132242,102,471884.7254901961,3,5067,1,Low Value
988,55590478,102,545004.6862745098,3,4893,2,Mid Value
989,53163122,105,506315.4476190476,3,5387,0,High Value
990,62276264,122,510461.18032786885,3,5892,0,High Value
991,55908830,111,503683.15315315314,3,5350,0,High Value
992,55273272,107,516572.6355140187,3,5627,0,High Value
993,51893931,97,534988.9793814434,3,4499,2,Mid Value
994,47421450,102,464916.17647058825,3,5088,1,Low Value
995,50893234,97,524672.5154639175,3,5054,2,Mid Value
996,58429408,115,508081.8086956522,3,5984,0,High Value
997,48192106,95,507285.3263157895,3,4739,2,Mid Value
998,51056185,101,505506.78217821784,3,4996,2,Mid Value
999,56215413,105,535384.8857142857,3,5314,0,High Value
1000,61136490,112,545861.5178571428,3,6037,0,High Value
